"Terminal view commands","Terminal view insert","⌥C","Terminal Typing Connected"
"SVN","Show Annotation...","⌃⌥A","In Windows"
"Uncategorized","Show Markup Cheat Sheet","F1","WikiText Markup Source Context"
"Edit","Previous Sibling","⇧⌘↑","Editing in Structured Text Editors"
"Text Editing","Text End","⇧⌥>","Editing Text"
"Web Page Editor Layout","Vertical Layout","⇧⌘F9","Using Web Page Editor"
"Server","Stop","⌥⌘S","In Servers View"
"Edit","Undo","⌃X U","In Windows"
"File","Save","⌘S","In Windows"
"Text Editing","Page Down","⌃V","Editing Text"
"Task Repositories","Mark Task Unread","⇧⌥U","In Tasks Editor"
"Edit","Select All","⌃X H","In Dialogs and Windows"
"Views","Show View (Search)","⌥⌘Q S","In Windows"
"C/C++ Source","Show Source Quick Menu","⌥⌘S","C/C++ Editor"
"View","Zoom In","⌘=","In Windows"
"Task Repositories","New Local Task","Insert","In Tasks View"
"Edit","Paste","⌘V","In Dialogs and Windows"
"Source","Indent Line","⌘I","Editing JavaScript Source"
"Edit","Find and Replace","⌘F","In Windows"
"Text Editing","Delete Previous","⌃H","In Windows"
"File","Close All","⌃X ⌃C","In Windows"
"Text Editing","Recenter","⌃L","Editing Text"
"Text Editing","Text End","⌘↘","Editing Text"
"Text Editing","Select Line End","⇧⌘→","Editing Text"
"Refactor - JavaScript","Rename - Refactoring ","⌥⌘R","JavaScript View"
"Source","Remove Block Comment","⇧⌘\","Editing JavaScript Source"
"Source","Toggle Comment","⇧⌘C","Editing Properties Files"
"Database Tools","Execute Selected Text As One Statement","⌥C","Editing SQL"
"Project","Rebuild Last Target","F9","In Windows"
"Text Editing","Insert Line Below Current Line","⇧↩","Editing Text"
"Task Repositories","Mark Task Complete","⇧⌥C","In Tasks View"
"File","Refresh","F5","In Windows"
"Source","Open Declaration","⌘.","Makefile Editor"
"Source","Toggle Comment","⌘7","Editing JavaScript Source"
"Edit","Select All","⌘A","In Dialogs and Windows"
"Focused UI","Make Less Interesting","⇧⌥⌘↓","In Windows"
"Source","Quick Assist - Rename in file","⌘2 R","Editing Java Source"
"C/C++ Source","Toggle Source/Header","⌃Tab","C/C++ Editor"
"Run/Debug","Display","⇧⌘D","In Dialogs and Windows"
"Source","Show Source Quick Menu","⌥⌘S","In Windows"
"Text Editing","To Lower Case","⇧⌘Y","Editing Text"
"Navigate","Previous Sub-Tab","⌥⇞","In Dialogs and Windows"
"Refactor - C++","Rename - Refactoring ","⌥⌘R","C/C++ Editor"
"Text Editing","Page Up","Esc V","Editing Text"
"Terminal view commands","Terminal view insert","⌥E","Terminal Typing Connected"
"Task Repositories","Mark Task Incomplete","⇧⌥I","In Tasks Editor"
"Navigate","Open Attached Javadoc","⇧F2","In Windows"
"Navigate","Previous","⌃,","In Windows"
"Views","Show View (Outline)","⌥⌘Q O","In Windows"
"Task Repositories","Quick Outline","⌘O","In Tasks Editor"
"Source","Format","⇧⌘F","Editing Ant Buildfiles"
"Edit","Select Previous Element","⇧⌃←","Editing in Structured Text Editors"
"Navigate","Collapse All","⇧⌘Numpad_Divide","In Windows"
"Terminal view commands","Terminal view insert","⌥H","Terminal Typing Connected"
"Navigate","Search Repository for Task","⇧⌘F12","In Windows"
"Refactor - Java","Extract Method","⌥⌘M","In Windows"
"Text Editing","Move Lines Up","⌥↑","Editing Text"
"Refactor - Java","Extract Local Variable","⌥⌘L","In Windows"
"Source","Surround With Quick Menu","⌥⌘Z","JavaScript View"
"View","Zoom Out","⌘-","In Windows"
"C/C++ Source","Quick Type Hierarchy","⌘T","C/C++ Editor"
"Source","Quick Assist - Assign to var","⌘2 F","Editing JavaScript Source"
"Text Editing","Show Tooltip Description","F2","Editing Text"
"Navigate","Go to Matching Bracket","⇧⌘P","Editing Java Source"
"Navigate","Open Include Browser","⌥⌘I","C/C++ Editor"
"Navigate","Quick Outline","⌘O","Editing JavaScript Source"
"Navigate","Backward History","⌥⌘←","In Windows"
"Search","Declaration in Workspace","⌘G","In Windows"
"Run/Debug","Run","⇧⌘F11","In Windows"
"Navigate","Open Type in Hierarchy","⇧⌘H","C/C++ Editor"
"Edit","Find and Replace","Esc R","In Windows"
"Edit","Select Next Element","⇧⌃→","Editing in Structured Text Editors"
"Database Tools","Execute All","⌥⌘X","Editing SQL"
"Source","Toggle Mark Occurrences","⌥⌘O","Editing JavaScript Source"
"SVN","Show Properties","⌃⌥T","In Windows"
"Run/Debug","Run XSLT Transformation","⌥⌘X X","In Windows"
"Navigate","Show In...","⌥⌘W","In Windows"
"Text Editing","Text Start","⌥<","Editing Text"
"Run/Debug","Run Android Application","⇧⌥A R","In Windows"
"Navigate","Open External JSDoc","⇧F2","JavaScript View"
"Run/Debug","Debug Java Applet","⌃⌥⌘D A","In Windows"
"C/C++ Source","Format","⇧⌘F","C/C++ Editor"
"Run/Debug","Next Memory Monitor","⌥⌘N","In Memory View"
"Text Editing","Text End","⌃X ]","Editing Text"
"Android Refactorings","Extract Android String","⇧⌥A S","In Windows"
"Text Editing","Next Column","⌃F","Editing Text"
"Views","Show View (Package Explorer)","⌥⌘Q P","In Windows"
"Window","Quick Switch Editor","⌃X B","In Windows"
"Edit","Open Selection","F3","Editing in Structured Text Editors"
"Uncategorized","Copy SHA-1","⌘C","In Git Reflog View"
"Run/Debug","Run JUnit Plug-in Test","⌥⌘X P","In Windows"
"Text Editing","Delete Previous Word","⌥⌫","Editing Text"
"Navigate","Quick Hierarchy","⌘T","Editing Java Source"
"Text Editing","Text End","Esc >","Editing Text"
"Spy","Plug-in Menu Spy","⇧⌥F2","In Dialogs and Windows"
"Run/Debug","Debug on Server","⇧⌥D R","In Windows"
"Edit","Paste","⌃Y","In Dialogs and Windows"
"Text Editing","Delete Next Word","Esc D","Editing Text"
"Edit","Matching Tag","⇧⌘>","Editing in Structured Text Editors"
"Git","Copy Path to Clipboard","⌘C","In Git Repositories View"
"File","Save All","⇧⌘S","In Windows"
"Navigate","Show In Breadcrumb","⌥⌘B","Editor Breadcrumb Navigation"
"Source","Quick Assist - Assign to field","⌘2 F","Editing Java Source"
"Edit","Restore Last Selection","⇧⌃↓","Editing JavaScript Source"
"Run/Debug","Terminate","⌘F2","Debugging"
"Edit","Cut","⌘X","In Dialogs and Windows"
"C/C++ Source","References","⇧⌘G","In C/C++ Views"
"SVN","Commit...","⌃⌥C","In Windows"
"Source","Organize Imports","⇧⌘O","In Windows"
"Refactor - JavaScript","Extract Function","⌥⌘M","JavaScript View"
"Window","Maximize Active View or Editor","⌥↑","Terminal Widget in Focus"
"Navigate","Open Call Hierarchy","⌃⌥H","C/C++ Editor"
"Navigate","Quick Outline","⌘O","WikiText Markup Source Context"
"Navigate","Go to Line","⌃X G","Editing Text"
"Edit","Next Sibling","⇧⌘↓","Editing in Structured Text Editors"
"Navigate","Open Include Browser","⌥⌘I","In C/C++ Views"
"Navigate","Activate Task","⌘F9","In Windows"
"Source","Correct Indentation","⌘I","Editing Java Source"
"SVN","Create Patch...","⌃⌥P","In Windows"
"Database Tools","Goto Matching Token","⇧⌘P","Editing SQL"
"Run/Debug","Run to Line","⌘R","Debugging"
"Search","Show Occurrences in File Quick Menu","⇧⌘U","In Windows"
"File","Rename","F2","In Windows"
"Source","Open External Documentation","⇧F2","Editing Ant Buildfiles"
"Edit","Find Next","⌘K","Editing Text"
"Text Editing","To Upper Case","⇧⌘X","Editing Text"
"Edit","Select Next Element","⇧⌃↘","Editing Java Source"
"Source","Rename In File","⌥⌘R","Editing Ant Buildfiles"
"Terminal view commands","Terminal view insert","⌥T","Terminal Typing Connected"
"Run/Debug","Debug Ant Build","⌃⌥⌘D Q","In Windows"
"C/C++ Source","Open Element","⇧⌘T","C/C++ Editor"
"Terminal view commands","Terminal view insert","⌥N","Terminal Typing Connected"
"Text Editing","Expand All","⌘Numpad_Multiply","Editing Text"
"Terminal view commands","Terminal view insert","⌥V","Terminal Typing Connected"
"Navigate","Go to Next Member","⌃⌥↓","Editing Java Source"
"Navigate","Go to Previous Member","⌃⌥↑","Editing Java Source"
"Task Repositories","New Local Task","⌥N","In Tasks View"
"Edit","Redo","⇧⌘Z","In Dialogs and Windows"
"Refactor - Java","Inline","⌥⌘I","In Windows"
"Views","Documentation","⌥⌘Q J","JavaScript View"
"Source","Toggle Comment","⌘7","Editing Java Source"
"Focused UI","Make Landmark","⇧⌥⌘↑","In Windows"
"Edit","Copy","⌥W","In Dialogs and Windows"
"Reverse Debugging Commands","Reverse Step Into","⇧F5","Debugging C/C++"
"Navigate","Open Type","⇧⌘T","In Windows"
"Views","Show View (Cheat Sheets)","⌥⌘Q H","In Windows"
"Text Editing","Insert Line Above Current Line","⇧⌘↩","Editing Text"
"Window","Toggle Split Editor (Horizontal)","⇧⌘-","In Windows"
"Edit","Find Previous","⇧⌘K","Editing Text"
"Edit","Select Enclosing Element","⇧⌃↑","Editing XML Source"
"Text Editing","Text End","⌥>","Editing Text"
"C/C++ Source","Declaration","⌘G","C/C++ Editor"
"Views","Show View (Breakpoints)","⌥⌘Q B","In Windows"
"Source","Remove Block Comment","⇧⌘\","Editing Java Source"
"Edit","Occurrences in File","⇧⌘A","Editing in Structured Text Editors"
"Terminal view commands","Terminal view insert","⌥A","Terminal Typing Connected"
"Navigate","Open Remote Task","⇧⌥⌘F12","In Windows"
"Server","Debug","⌥⌘D","In Servers View"
"Navigate","Go to Previous Member","⌃⌥↑","Editing JavaScript Source"
"Navigate","Go to Matching Bracket","⇧⌘P","Editing JavaScript Source"
"Database Tools","Edit in SQL Query Builder...","⌥Q","Editing SQL"
"Edit","Undo","F9","In Windows"
"Views","Show View ()","⌥⌘Q D","In Windows"
"ASA 9.x table schema editor","Paste","⌥V","In Windows"
"Navigate","Quick Outline","⌘O","PDE editor"
"Views","Show View ()","⌥⌘Q T","In Windows"
"Edit","Format","⇧⌘F","Editing in Structured Text Editors"
"Navigate","Open Plug-in Artifact","⇧⌘A","In Windows"
"Edit","Select Enclosing Element","⇧⌃⇞","Editing Java Source"
"Window","Activate Editor","⌘F12","In Windows"
"Run/Debug","Step Return","F7","Debugging"
"Makefile Source","Uncomment","⌃\","Makefile Editor"
"Edit","Incremental Find Reverse","⇧⌘J","Editing Text"
"Terminal view commands","Paste","⌘V","Terminal Widget in Focus"
"File","New menu","⌥⌘N","In Windows"
"Views","Show View","⌥⌘Q Q","In Windows"
"Manifest Editor Source","Format Source","⇧⌘F","PDE editor"
"Run/Debug","Step Into Selection","⌥F5","Debugging"
"Task Repositories","New Subtask","⇧⌥N","In Tasks View"
"Source","Format","⇧⌘F","Editing JavaScript Source"
"Source","Add Javadoc Comment","⌥⌘J","In Windows"
"Window","Show View Menu","⌘F10","In Dialogs and Windows"
"Text Editing","Previous Word","⌥←","Editing Text"
"Text Editing","Scroll Line Down","⌃Z","Editing Text"
"Edit","Restore Last C/C++ Selection","⇧⌃↓","C/C++ Editor"
"Server","Publish","⌥⌘P","In Servers View"
"Run/Debug","Resume","F8","Debugging"
"Edit","Rename","⇧⌥R","Editing JSP Source"
"Run/Debug","Execute","⌘U","In Windows"
"Navigate","Open Type Hierarchy","F4","C/C++ Editor"
"C/C++ Source","Remove Block Comment","⇧⌘\","C/C++ Editor"
"Run/Debug","Debug Java Application","⌃⌥⌘D J","In Windows"
"Source","Show Source Quick Menu","⌥⌘S","JavaScript View"
"Navigate","Matching Character","⇧⌘P","Editing in Structured Text Editors"
"Edit","Format Active Elements","⌘I","Editing in Structured Text Editors"
"Edit","Select Next Element","⇧⌃→","Editing JavaScript Source"
"Terminal view commands","Paste","⇧⌘V","Terminal Widget in Focus"
"Edit","Word Completion","⌃.","Editing Text"
"Window","Previous View","⇧⌘F7","In Windows"
"Navigate","Previous Page","⇧⌘F5","Using Web Page Editor"
"Task Repositories","Show Tooltip Description","F4","In Tasks View"
"C/C++ Source","Back","⌥←","In Macro Expansion Hover"
"Task Repositories","Open Selected Task","⌘↩","In Tasks View"
"Source","Quick Assist - Assign to local variable","⌘2 L","Editing JavaScript Source"
"Refactor - C++","Toggle Function - Refactoring ","⌥⌘T","C/C++ Editor"
"Search","References in Workspace","⇧⌘G","JavaScript View"
"Edit","Context Information","⇧⌃Space","In Dialogs and Windows"
"Edit","Content Assist","⌘/","In Dialogs and Windows"
"Source","Remove Occurrence Annotations","⌥⌘U","Editing JavaScript Source"
"C/C++ Source","Surround With Quick Menu","⌥⌘Z","C/C++ Editor"
"Task Repositories","New Subtask","⇧Insert","In Tasks View"
"JavaScript Debug","Evaluate","⇧⌥E","Editing JavaScript Source"
"Text Editing","Line Up","⌃P","Editing Text"
"Navigate","Open Type Hierarchy","F4","In C/C++ Views"
"File","Print","⌘P","In Windows"
"Run/Debug","Toggle Memory Monitors Pane","⌘T","In Memory View"
"SVN","Lock...","⌃⌥K","In Windows"
"File","Properties","⌘I","In Windows"
"C/C++ Source","Organize Includes","⇧⌘O","C/C++ Editor"
"Navigate","Open Task","⌥⌘F12","In Windows"
"File","Print","Esc F9","In Windows"
"Edit","Copy","Esc W","In Dialogs and Windows"
"Navigate","Expand All","⇧⌘Numpad_Multiply","In Windows"
"Navigate","Open Type","⇧⌘T","Editing JavaScript Source"
"プロパティエディタ","コメントの切り替え","⌃/","プロパティエディタ"
"Edit","Incremental Find","⌘J","Editing Text"
"Text Editing","Cut to End of Line","⌃K","Editing Text"
"Text Editing","Swap Mark","⌃X ⌃X","Editing Text"
"Run/Debug","Debug OSGi Framework","⌃⌥⌘D O","In Windows"
"Window","Toggle Split Editor (Vertical)","⇧⌘[","In Windows"
"Project","Build All","⌘B","In Windows"
"Text Editing","Next Word","Esc F","Editing Text"
"Text Editing","Delete Next","⌃D","Editing Text"
"Run/Debug","Go to Address","⌘G","In Table Memory Rendering"
"Navigate","Last Edit Location","⌃Q","In Windows"
"C/C++ Source","Toggle Source/Header","⌘Tab","C/C++ Editor"
"Web Page Editor Layout","Graphical Designer","⇧⌘F11","Using Web Page Editor"
"C/C++ Source","Sort Lines","⌃⌘S","C/C++ Editor"
"Navigate","Next","⌃.","In Windows"
"Run/Debug","Use Step Filters","⇧F5","In Windows"
"Source","Format","⇧⌘F","Editing Java Source"
"Navigate","Quick Outline","⇧⌘O","Task Markup Editor Source Context"
"SQL Results View","Remove All Visible Results","⇧⌦","In Windows"
"Edit","Matching Tag","⇧⌃.","Editing in Structured Text Editors"
"Window","Quick Switch Editor","⌘E","In Windows"
"Text Editing","Select Line Start","⇧⌘←","Editing Text"
"Text Editing","Delete Previous Word","Esc ⌫","Editing Text"
"Navigate","Open Type in Hierarchy","⇧⌘H","In Windows"
"Run/Debug","Next Page of Memory","⇧⌘.","In Table Memory Rendering"
"Navigate","Open Type in Hierarchy","⇧⌘H","In C/C++ Views"
"Source","Quick Assist - Extract method","⌘2 M","Editing Java Source"
"Terminal view commands","Terminal view insert","⌥D","Terminal Typing Connected"
"Run/Debug","Debug","⌘F11","In Windows"
"Refactor - C++","Extract Function - Refactoring ","⌥⌘M","C/C++ Editor"
"Navigate","Quick Hierarchy","⌘T","Editing JavaScript Source"
"Edit","Remove Block Comment","⌘\","Editing in Structured Text Editors"
"Views","Show View (Variables)","⌥⌘Q V","In Windows"
"Task Repositories","Mark Task Read","⇧⌥R","In Tasks Editor"
"Project","Make Target Build","⇧F9","In Windows"
"Edit","Cut","⌃W","In Dialogs and Windows"
"Web Page Editor Layout","Horizontal Layout","⇧⌘F10","Using Web Page Editor"
"File","Close","⌃X K","In Windows"
"Window","Next View","⌘F7","In Windows"
"Text Editing","Select Previous Word","⇧⌥←","Editing Text"
"Terminal view commands","Copy","⇧⌘C","Terminal Widget in Focus"
"Text Editing","Line Start","⌃A","Editing Text"
"SQL Results View","Terminate Result","⌘Break","In Windows"
"Navigate","Open Type Hierarchy","F4","JavaScript View"
"Navigate","Previous Page","⇧⌥F7","In Windows"
"Run/Debug","Previous Page of Memory","⇧⌘,","In Table Memory Rendering"
"Source","Add Block Comment","⌃⌘/","Editing Java Source"
"Refactor - C++","Extract Constant - Refactoring ","⌥C","C/C++ Editor"
"Navigate","Next Page","⌘F5","In Faces Config Editor"
"Window","Show Context Menu","⇧F10","In Dialogs and Windows"
"Text Editing","Previous Word","⌥B","Editing Text"
"Run/Debug","Run JUnit Test","⌥⌘X T","In Windows"
"Refactor - JavaScript","Move - Refactoring ","⌥⌘V","JavaScript View"
"Text Editing","Line Start","⌘←","Editing Text"
"Git","Paste Repository Path or URI","⌘V","In Git Repositories View"
"Navigate","Open Type Hierarchy","F4","In Windows"
"Text Editing","Expand","⌘Numpad_Add","Editing Text"
"SVN","Latest from Repository","⌃⌥L","In Windows"
"C/C++ Source","Go to Previous Member","⌃⌥↑","C/C++ Editor"
"C/C++ Source","Add Include","⇧⌘N","C/C++ Editor"
"Text Editing","Cut to Beginning of Line","Esc 0 ⌃K","Editing Text"
"Navigate","Open Maven POM","⇧⌥P","In Windows"
"Source","Surround With Quick Menu","⌥⌘Z","In Windows"
"プロパティエディタ","Unicode表示","⌃I","プロパティエディタ"
"Navigate","Open Call Hierarchy","⌃⌥H","In C/C++ Views"
"Source","Toggle Comment","⌘7","Editing Properties Files"
"Terminal view commands","Terminal view insert","⌥W","Terminal Typing Connected"
"Refactor - Java","Change Method Signature","⌥⌘C","In Windows"
"SVN","URL...","⌃⌥R","In Windows"
"Database Tools","Execute Current Text","⌥S","Editing SQL"
"Source","Add JSDoc Comment","⌥⌘J","JavaScript View"
"Window","Switch to Editor","⌃X ⌃B","In Windows"
"Navigate","Go To Previous Unread Task","⌥↑","In Tasks View"
"Window","Show Contributing Plug-in","⇧⌥F3","In Dialogs and Windows"
"Source","Add Import","⇧⌘M","Editing JavaScript Source"
"Text Editing","Scroll Line Down","⌃↓","Editing Text"
"Search","Show Occurrences in File Quick Menu","⇧⌘U","JavaScript View"
"Window","Quick Access","⌘3","In Windows"
"Text Editing","Set Mark","⌃Space","Editing Text"
"Navigate","Open Structure","⌘F3","Editing Java Source"
"Refactor - C++","Extract Local Variable - Refactoring ","⌥⌘L","C/C++ Editor"
"Edit","Select Previous Element","⇧⌃↖","Editing Java Source"
"Text Editing","Copy Lines","⌥⌘↓","Editing Text"
"Text Editing","Duplicate Lines","⌥⌘↑","Editing Text"
"Text Editing","Text Start","⌃X [","Editing Text"
"Uncategorized","Add Artifact to Target Platform","⇧⌥⌘A","In Windows"
"Terminal view commands","Copy","⌘C","Terminal Widget in Focus"
"Text Editing","Text Start","Esc ⇧<","Editing Text"
"Text Editing","Previous Word","Esc B","Editing Text"
"Run/Debug","Add Memory Block","⌥⌘M","In Memory View"
"Text Editing","Next Word","⌥→","Editing Text"
"Edit","Copy","⌘C","In Dialogs and Windows"
"Refactor - Java","Show Refactor Quick Menu","⌥⌘T","In Windows"
"Text Editing","Scroll Line Up","Esc Z","Editing Text"
"Navigate","Previous Page","⇧⌘F5","In Faces Config Editor"
"Run/Debug","Debug XSLT Transformation","⌥⌘D X","In Windows"
"Navigate","Backward History","⌘[","In Windows"
"Refactor - JavaScript","Show Refactor Quick Menu","⌥⌘T","JavaScript View"
"Navigate","Open Type in Hierarchy","⇧⌘H","JavaScript View"
"File","Properties","⌥↩","In Windows"
"Source","Toggle Ant Mark Occurrences","⌥⌘O","Editing Ant Buildfiles"
"Task Editor","Submit Task","⇧⌥S","In Tasks Editor"
"Window","Toggle Full Screen","⌃⌘F","In Windows"
"Run/Debug","All Instances","⇧⌘N","In Windows"
"Text Editing","Text Start","↖","Editing Text"
"Navigate","Quick Outline","⌘O","Editing in Structured Text Editors"
"Edit","Context Information","⌥?","In Windows"
"Task Repositories","Mark Task Complete","⇧⌥C","In Tasks Editor"
"Terminal view commands","Terminal view insert","⌥G","Terminal Typing Connected"
"File","New","⌘N","In Windows"
"ASA 9.x table schema editor","Copy","⌥C","In Windows"
"Run/Debug","Run Java Applet","⌥⌘X A","In Windows"
"Text Editing","Select Next Word","⇧⌥→","Editing Text"
"Edit","Shift Left","⇧Tab","C/C++ Editor"
"Reverse Debugging Commands","Uncall","⇧F7","Debugging C/C++"
"Terminal view commands","Terminal view insert","⌥S","Terminal Typing Connected"
"Navigate","Open Call Hierarchy","⌃⌥H","JavaScript View"
"Navigate","Open Structure","⌘F3","Editing JavaScript Source"
"Run/Debug","Debug JUnit Test","⌃⌥⌘D T","In Windows"
"Edit","Select Next C/C++ Element","⇧⌃→","C/C++ Editor"
"Terminal view commands","Terminal view insert","⌥L","Terminal Typing Connected"
"Focused UI","Show Context Quick View","⇧⌥⌘→","In Windows"
"Views","Show View (Synchronize)","⌥⌘Q Y","In Windows"
"Source","Remove Block Comment","⌃⌘\","Editing Java Source"
"Text Editing","Scroll Line Up","⌥Z","Editing Text"
"Text Editing","Toggle Folding","⌘Numpad_Divide","Editing Text"
"Search","Find Text in Workspace","⌥⌘G","In Windows"
"Source","Toggle Mark Occurrences","⌥⌘O","Editing Java Source"
"Run/Debug","Go to Address...","⌘G","In Disassembly"
"Terminal view commands","Paste","⇧Insert","Terminal Widget in Focus"
"Edit","Remove Block Comment","⇧⌘\","Editing in Structured Text Editors"
"Task Repositories","Mark Task Unread","⇧⌥U","In Tasks View"
"Terminal view commands","Terminal view insert","⌥P","Terminal Typing Connected"
"Edit","Select Enclosing Element","⇧⌥↑","Editing in Structured Text Editors"
"Edit","Redo","⌃X R","In Windows"
"Text Editing","Text Start","Esc <","Editing Text"
"Run/Debug","Run Maven Build","⇧⌥X M","In Windows"
"Views","Show View (Javadoc)","⌥⌘Q J","In Windows"
"Search","References in Workspace","⇧⌘G","In Windows"
"ASA 9.x table schema editor","Cut","⌥X","In Windows"
"Views","Show View (Problems)","⌥⌘Q X","In Windows"
"Edit","Add Block Comment","⇧⌘/","Editing in Structured Text Editors"
"Run/Debug","Step Into","F5","Debugging"
"Text Editing","Cut to Beginning of Line","⌥0 ⌃K","Editing Text"
"SVN","Add to svn:ignore...","⌃⌥I","In Windows"
"Navigate","Quick Outline","⌘O","Editing Java Source"
"Makefile Source","Comment","⌃/","Makefile Editor"
"Run/Debug","Run OSGi Framework","⌥⌘X O","In Windows"
"Text Editing","Text Start","⌘↖","Editing Text"
"Navigate","Go To Next Unread Task","⌥↓","In Tasks View"
"Window","Previous Perspective","⇧⌘F8","In Windows"
"Window","Next Perspective","⌘F8","In Windows"
"C/C++ Source","Toggle Mark Occurrences","⌥⌘O","C/C++ Editor"
"Edit","Content Assist","⌥/","In Dialogs and Windows"
"Edit","Delete","⌦","In Windows"
"Terminal view commands","Copy","⌘Insert","Terminal Widget in Focus"
"Edit","Context Information","⇧⌥?","In Windows"
"Navigate","Open Call Hierarchy","⌃⌥H","In Windows"
"Refactor - JavaScript","Extract Local Variable","⌥⌘L","JavaScript View"
"Edit","Restore Last Selection","⇧⌃⇟","Editing Java Source"
"File","Save","⌃X ⌃S","In Windows"
"Text Editing","Delete Line","⌘D","Editing Text"
"Run/Debug","New Rendering","⌘N","In Memory View"
"Git","Commit...","⌥⌘3","In Windows"
"C/C++ Source","Forward","⌥→","In Macro Expansion Hover"
"Refactor - C++","Rename - Refactoring ","⌥⌘R","In C/C++ Views"
"Navigate","Open Resource","⌃X ⌃F","In Windows"
"Edit","Incremental Find","⌃S","Editing Text"
"Edit","Incremental Find Reverse","⌃R","Editing Text"
"File","Close All","⇧⌘W","In Windows"
"SVN","Synchronize with Repository","⌃⌥S","In Windows"
"Task Repositories","Mark Task Read","⇧⌥R","In Tasks View"
"Edit","Redo","F10","In Windows"
"Task Repositories","Mark Task Read and Go To Next Unread Task","⇧⌥↓","In Tasks View"
"C/C++ Source","Show outline","⌘O","C/C++ Editor"
"Edit","Add Maven Plugin","⇧⌃P","Editing XML Source"
"Edit","Select Enclosing Element","⇧⌃↑","Editing JavaScript Source"
"Search","Declaration in Workspace","⌘G","JavaScript View"
"Source","Quick Assist - Assign to local variable","⌘2 L","Editing Java Source"
"Edit","Toggle Insert Mode","⇧⌘Insert","Editing Text"
"Window","Previous Editor","⇧⌘F6","In Windows"
"Edit","Move","⇧⌥V","Editing JSP Source"
"Views","JavaScript Script Explorer","⌥⌘Q P","JavaScript View"
"Edit","Toggle Block Selection","⌥⌘A","Editing Text"
"Edit","Add Maven Dependency","⇧⌃D","Editing XML Source"
"Task Repositories","Mark Task Incomplete","⇧⌥I","In Tasks View"
"Database Tools","Execute Selected Text","⌥X","Editing SQL"
"Run/Debug","Debug JUnit Plug-in Test","⌃⌥⌘D P","In Windows"
"C/C++ Source","References","⇧⌘G","C/C++ Editor"
"Source","Organize Imports","⇧⌘O","JavaScript View"
"Edit","Restore Last Selection","⇧⌥↓","Editing in Structured Text Editors"
"Text Editing","Next Word","⌥F","Editing Text"
"Refactor - JavaScript","Change Function Signature","⌥⌘C","JavaScript View"
"Views","Show View (Console)","⌥⌘Q C","In Windows"
"Run/Debug","Inspect","⇧⌘I","In Dialogs and Windows"
"JavaScript Debug","JavaScript Breakpoint Properties","⌘↩","In Breakpoints View"
"SVN","Update","⌃⌥U","In Windows"
"Window","Next Editor","⌘F6","In Windows"
"Edit","Undo","⇧⌃-","In Windows"
"Source","Add Import","⇧⌘M","Editing Java Source"
"Text Editing","Reset Structure","⇧⌘Numpad_Multiply","Editing Text"
"Window","Toggle Split Editor (Horizontal)","⇧⌘-","In Windows"
"Edit","Toggle Comment","⇧⌘C","Editing in Structured Text Editors"
"Text Editing","Delete Next Word","⌥⌦","Editing Text"
"Edit","Quick Fix","⌘1","In Dialogs and Windows"
"SQL Results View","Remove Result","⌘⌦","In Windows"
"Text Editing","Move Lines Down","⌥↓","Editing Text"
"Navigate","Forward History","⌥⌘→","In Windows"
"Text Editing","Previous Column","⌃B","Editing Text"
"C/C++ Source","Explore Macro Expansion","⌘=","C/C++ Editor"
"Text Editing","Toggle Overwrite","Insert","Editing Text"
"Run/Debug","Step Into Selection","⌘F5","Debugging C/C++"
"Web Page Editor Layout","Source Code","⇧⌘F12","Using Web Page Editor"
"Refactor - JavaScript","Inline","⌥⌘I","JavaScript View"
"Run/Debug","Java Breakpoint Properties","⌥↩","In Breakpoints View"
"C/C++ Source","Add Block Comment","⇧⌘/","C/C++ Editor"
"Navigate","Open Resource","⇧⌘R","In Windows"
"Text Editing","Line Down","⌃N","Editing Text"
"Edit","Restore Last Selection","⇧⌃↓","Editing XML Source"
"Navigate","Open Manifest","⇧⌥⌘M","In Windows"
"JavaScript Debug","Open Source","⇧⌘3","Debugging"
"Server","Run","⌥⌘R","In Servers View"
"Text Editing","Delete to End of Line","⇧⌘⌦","Editing Text"
"Refactor - Java","Move - Refactoring ","⌥⌘V","In Windows"
"Focused UI","Focus on Active Task","⇧⌥H","In Windows"
"Run/Debug","Run on Server","⇧⌥X R","In Windows"
"Edit","Next Sibling","⇧⌃↓","Editing in Structured Text Editors"
"Run/Debug","Run Ant Build","⌥⌘X Q","In Windows"
"Reverse Debugging Commands","Reverse Resume","⇧F8","Debugging C/C++"
"Run/Debug","Go to Program Counter","↖","In Disassembly"
"Run/Debug","EOF","⌃D","In I/O Console"
"Window","Switch to Editor","⇧⌘E","In Windows"
"Terminal view commands","Terminal view insert","⌥Y","Terminal Typing Connected"
"Navigate","Show In Breadcrumb","⌥⌘B","Editing Java Source"
"C/C++ Source","Open Element","⇧⌘T","In C/C++ Views"
"C/C++ Source","Surround With Quick Menu","⇧⌥Z","C/C++ Editor"
"Reverse Debugging Commands","Reverse Step Over","⇧F6","Debugging C/C++"
"Text Editing","Scroll Line Up","⌃↑","Editing Text"
"C/C++ Source","Go to Matching Bracket","⇧⌘P","C/C++ Editor"
"EMF Code Generation","Generate Code","⇧⌥G","In Windows"
"Window","Show Key Assist","⇧⌘L","In Dialogs and Windows"
"Text Editing","Collapse All","⇧⌘Numpad_Divide","Editing Text"
"Terminal view commands","Terminal view insert","⌥R","Terminal Typing Connected"
"Views","Show View (Task List)","⌥⌘Q K","In Windows"
"Edit","Undo","⌘Z","In Dialogs and Windows"
"Window","Quick Access","⌥→","Terminal Widget in Focus"
"Edit","Select Enclosing C/C++ Element","⇧⌃↑","C/C++ Editor"
"Navigate","Next Sub-Tab","⌥⇟","In Dialogs and Windows"
"Source","Remove Occurrence Annotations","⌥⌘U","Editing Java Source"
"Navigate","Next Page","⌥F7","In Windows"
"Refactor - Java","Rename - Refactoring ","⌥⌘R","In Windows"
"Navigate","Deactivate Task","⇧⌘F9","In Windows"
"Edit","Add Im&port","⇧⌘M","Editing JSP Source"
"Text Editing","Line End","⌘→","Editing Text"
"Spy","Plug-in Selection Spy","⌥⌘F1","In Dialogs and Windows"
"Views","Show View (Error Log)","⌥⌘Q L","In Windows"
"Source","Toggle Comment","⇧⌘C","Editing Java Source"
"Edit","Quick Diff Toggle","⇧⌃Q","Editing Text"
"Text Editing","Text Start","⇧⌥<","Editing Text"
"SVN","Merge...","⌃⌥E","In Windows"
"C/C++ Source","Indent Line","⌘I","C/C++ Editor"
"Run/Debug","Toggle Breakpoint","⇧⌘B","In Windows"
"Window","Select Maven Profiles","⌃⌥P","In Windows"
"Text Editing","Delete Next Word","⌥D","Editing Text"
"C/C++ Source","Go to Next Member","⌃⌥↓","C/C++ Editor"
"Edit","Select Previous Element","⇧⌃←","Editing JavaScript Source"
"Text Editing","Line End","⌃E","Editing Text"
"Run/Debug","Step Over","F6","Debugging"
"Task Repositories","Mark Task Read and Go To Previous Unread Task","⇧⌥↑","In Tasks View"
"Window","Update Project","⌥F5","In Windows"
"Text Editing","Clear Mark","⌃G","Editing Text"
"Navigate","Next Page","⌘F5","Using Web Page Editor"
"Navigate","Forward History","⌘]","In Windows"
"Views","JavaScript Type Hierarchy","⌥⌘Q T","JavaScript View"
"Text Editing","Set Mark","⌃2","Editing Text"
"Navigate","Go to Next Member","⌃⌥↓","Editing JavaScript Source"
"C/C++ Source","Explore Macro Expansion","⌘#","C/C++ Editor"
"File","Save All","⌃X S","In Windows"
"Source","Toggle Comment","⇧⌘C","Editing JavaScript Source"
"Database Tools","Run","⌥⌘R","Editing SQL"
"Edit","Select Previous C/C++ Element","⇧⌃←","C/C++ Editor"
"Text Editing","Page Up","⌥V","Editing Text"
"Text Editing","Select Text End","⇧↘","Editing Text"
"Views","JavaScript Declaration","⌥⌘Q D","JavaScript View"
"Text Editing","Collapse","⌘Numpad_Subtract","Editing Text"
"Text Editing","Select Text Start","⇧↖","Editing Text"
"Source","Quick Assist - Rename in file","⌘2 R","Editing JavaScript Source"
"File","Print","⌥F9","In Windows"
"Run/Debug","Debug Eclipse Application","⌃⌥⌘D E","In Windows"
"Navigate","Go to Line","⌘L","Editing Text"
"Text Editing","Text End","Esc ⇧>","Editing Text"
"Task Editor","Maximize Part","⇧⌘M","In Tasks Editor"
"Run/Debug","Debug Android Application","⇧⌥A D","In Windows"
"Text Editing","Text End","↘","Editing Text"
"Run/Debug","Force Return","⌥⌘F","In Windows"
"Window","Show Ruler Context Menu","⌘F10","Editing Text"
"Edit","Find and Replace","⌥R","In Windows"
"Terminal view commands","Terminal view insert","⌥B","Terminal Typing Connected"
"C/C++ Source","Declaration","⌘G","In C/C++ Views"
"Run/Debug","Run Java Application","⌥⌘X J","In Windows"
"Window","Show System Menu","⇧⌘F10","In Windows"
"Edit","Redo","⇧⌃+","In Windows"
"Run/Debug","Run Eclipse Application","⌥⌘X E","In Windows"
"Edit","Previous Sibling","⇧⌃↑","Editing in Structured Text Editors"
"Views","Show View (History)","⌥⌘Q Z","In Windows"
"Database Tools","Debug","⌥⌘D","Editing SQL"
"SVN","Update to Revision","⌃⌥D","In Windows"
"Terminal view commands","Terminal view insert","⌥F","Terminal Typing Connected"
